{"stats":{"minecraft:picked_up":{"minecraft:crafting_table":1,"minecraft:lily_pad":1,"minecraft:oak_log":8,"minecraft:cobblestone":30},"minecraft:used":{"minecraft:stone_axe":1,"minecraft:crafting_table":1,"minecraft:stone_pickaxe":27,"minecraft:wooden_pickaxe":3},"minecraft:crafted":{"minecraft:oak_planks":32,"minecraft:stone_axe":1,"minecraft:crafting_table":1,"minecraft:stick":8,"minecraft:wooden_pickaxe":1,"minecraft:stone_pickaxe":1},"minecraft:custom":{"minecraft:time_since_rest":3587,"minecraft:crouch_one_cm":1130,"minecraft:play_time":3587,"minecraft:sprint_one_cm":4353,"minecraft:damage_taken":45,"minecraft:walk_one_cm":3655,"minecraft:sneak_time":587,"minecraft:walk_under_water_one_cm":671,"minecraft:mob_kills":1,"minecraft:jump":48,"minecraft:damage_dealt":210,"minecraft:time_since_death":3587,"minecraft:walk_on_water_one_cm":3363,"minecraft:total_world_time":3587,"minecraft:climb_one_cm":82,"minecraft:interact_with_crafting_table":3,"minecraft:fall_one_cm":418,"minecraft:fly_one_cm":6160},"minecraft:killed":{"minecraft:zombie":1},"minecraft:mined":{"minecraft:grass":5,"minecraft:seagrass":2,"minecraft:oak_log":8,"minecraft:dirt":1,"minecraft:stone":30,"minecraft:lily_pad":1,"minecraft:sugar_cane":1,"minecraft:crafting_table":1}},"DataVersion":3465}